Sample_id,Spot_id,Predicted_Score,organ
sample_41,057x025,0.86133486,Lung
sample_6,CTGCTTTATGTCCGCG-1,0.281761524,Prostate
sample_22,AGCGTGGTATTCTACT-1,0.322818103,Bladder
sample_51,4102,0.796579736,Breast
sample_27,TGAAGTAGCTTACGGA-1,0.949595604,Lymph node
sample_50,GGCGGAGGACGTCTGT-1,0.592134086,Bowel
sample_3,CTCAGTCACGACAAAT-1,0.786148672,Lung
sample_43,080x039,0.911944524,Skin
sample_21,ATGACGCCGGCTCTAA-1,0.314181431,Bladder
sample_16,GTTGTTGCAAGATGGC-1,0.685855286,Bowel
sample_51,10535,0.781567104,Breast
sample_6,AGATACTCAAGATCGA-1,0.366147953,Prostate
sample_29,GATTCCTATACGGCGC-1,0.909816517,Lymph node
sample_13,CACGAGCAAACCAGAC-1,0.254293756,Prostate
sample_18,GACAACGACCATTGAA-1,0.804660244,Bowel
sample_28,TGGTTAACTTACATTT-1,0.854452917,Lymph node
sample_28,GACGGACCGCGTTCCT-1,0.825269989,Lymph node
sample_9,GGAGGCCGAAGTCGTC-1,0.408675943,Prostate
sample_28,ACCCGATTGGTTCCGA-1,0.845734046,Lymph node
sample_22,GTGGTGGCCAAGTGAA-1,0.291069362,Bladder
sample_54,GCTGAGGCGTGAGTAT-1,0.314438074,Bowel
sample_7,TGATTCGTCTATCACT-1,0.338951505,Prostate
sample_36,014x014,0.272592883,Breast
sample_11,ATTATGCCATAGGGAG-1,0.552387363,Skin
sample_37,021x022,0.499716605,Breast
sample_48,CAGTCTTGCGCAATTA-1,0.549182238,Lung
sample_15,TTATGACAAACTGGAT-1,0.774923281,Bowel
sample_53,026x037,0.757114218,Breast
sample_23,ACTGTCTTCTTTAGAA-1,0.341432218,Bladder
sample_14,ACCTCGAACTTATGCT-1,0.81953076,Bowel
sample_31,011x033,0.233055363,Skin
sample_32,TGTGTCGCGAGTTGCA-1,0.837861829,Bladder
sample_30,029x053,0.402713718,Skin
sample_38,007x021,0.646748366,Skin
sample_41,094x008,0.877872903,Lung
sample_47,GGACGTCGAACGGCTT-1,0.727640347,Lung
sample_29,CCGACAAAGGGAGTGC-1,0.802113261,Lymph node
sample_31,032x034,0.250900906,Skin
sample_10,9x20,0.341654713,Prostate
sample_5,CCATTTCTACCTATTA-1,0.254194352,Prostate
sample_2,GCTAGTTTCATTGAGG-1,0.757619604,Lung
sample_38,050x028,0.637742523,Skin
sample_152,TATCTACCACAGCGGG-1,0.254012129,Bladder
sample_152,TCAGACGCTATAGAAG-1,0.233831181,Bladder
sample_151,GTCGTCAATTATAAGG-1,0.763208676,Lymph node
sample_151,TGACATATATGACGAT-1,0.649407246,Lymph node
sample_152,TTGCTGATCATGTTCG-1,0.491285716,Bladder
sample_152,GCCATCGAGCTGCGTG-1,0.14147117,Bladder
sample_152,TCGCAAAGATGCATTT-1,0.277054697,Bladder
sample_151,ATCGCCGTGGTTCATG-1,0.869066526,Lymph node
sample_150,023x032,0.669772629,Skin
sample_151,CCCTACCCACACCCAG-1,0.914809918,Lymph node
sample_153,016x049,0.809292797,Breast
sample_149,AGTTAAACACTTGCGA-1,0.652899981,Lung
sample_155,040x041,0.825320694,Bowel
sample_156,CTCAACTAACCCGGAT-1,0.298005454,Bowel
